[
    {
        "title": "Kabuki brush By Simply Essentials. Today 50% off! Round for Maximum Coverage. One of the Best Large Long Handled Foundation makeup brushes You Can Purchase. Professional Quality, Very Soft Bristle Brush, Very Natural Look Blender Brush WITH Very\t\t\t\t\t\t\t\t\t\t\t\t\t\t\t\t\t\t\t\t\t\t\t\t\t\t\t\t\t\t\t\t\t\t\t\t\t\t\t\t\t\t\t\t\t\t\t\t\t\t\t\t Dense Bristles. Great for Professional Make up Look. Use with any makeup Including Mac, philosophy foundation makeup, BARE ESSEMTIALS FOUNDATION and BARE MINERALS FOUNDATION. Similiar to Sigma and mac makeup brushes, best make up brush and FOUNDATION BRUSH. 1 Year Guarantee. This Brush Covers Imperfections and Creates a Professional but NATURAL MAKEUP look.",
        "content": "Would you like that perfect natural makeup look?The right makeup brush is so important for the coveted professional natural look! This densely packed synthetic makeup brush allows for moderate to full coverage of liquid, cream and powder foundation.\t\t\t\t\t\t\t\t\t\t\t\t\t\t\t\tThe round top brush allows for easy application for angles of the face.\t\t\t\t\t\t\t\t\t\t\t\t\t\t\t\tSimply Essentials designed the round top kabuki brush for a flawless makeup application. The dense bristles make it easy to apply your liquid, cream or powder foundation.\t\t\t\t\t\t\t\t\t\t\t\t\t\t\t\tThe long handle adds ease to your makeup application. The brush is also uniquely designed for stippling, contouring, covering imperfections and blending out your makeup. \t\t\t\t\t\t\t\t\t\t\t\t\t\t\tCreate a luminous glow with the application of your make up! You will get an even application, natural looking coverage, every time. \t\t\t\t\t\t\t\tThe synthetic fibers are ideal to be used with liquid, cream and powder products and can be easily cleaned.Vegan-friendly!1 year guarantee.Click the add to cart Order Button to try it now. It will arrive quickly!"
    },
    {
        "title": "100% Organic Raw Unrefined African Shea Butter- Grade A, Fair Trade, Premium Shea Butter From Ghana- Great Natural Skin Lotion- Naturally Rich in Vitamins a &amp; E - Unrefined Organic Shea Butter Is Extremely Nourishing and Perfect for Skin and Hair, in Homemade Soaps, Lotions and More- Net Weight 16oz (1lb)",
        "content": "Ingredients:100% Pure, Unrefined, Organic African Shea Butter imported from Ghana.DirectionsFor body and face: place a small amount of Beauty By Shea Organic Shea Butter in the palm of your hands and allow it to soften and apply sparingly to your skin.  Apply as needed, for extra dry, rough skin apply more frequently.  For hair use a tiny amount.  Start in the palm of your hand with a tiny amount the size of a dime and rub it together in your palms, then apply.   For use in your hair, less is always more. Storage:Always store the shea butter in a cool, dry place in a sealed container, avoiding direct sunlight or excess heat.  Best kept in 75 degrees or cooler.  *These statements have not been evaluated by the FDA. This product is not intended to diagnose, treat, cure, or prevent any disease."
    },
    {
        "title": "Deluxe Pop up Hamper",
        "content": "The king size pop up hamper has holds up to 2 loads of laundry. The durable Ventilated mesh material allows clothes to breathe. , yet doesn't let everyone see what's inside. Easy carry handles let you transport this portable hamper anywhere. Side pocket gives ample storage space for laundry accessories, delicates, socks, or your personal items. When not in use, pop up hamper folds up small and flat for easy storage."
    },
    {
        "title": "[180 Days Warranty] ZeroLemon&reg; Samsung Galaxy S5 8500 Mah Extended Battery + Rugged Viper Black Zero Shock Hybrid Protection Case, Includes Free High Quality Screen Protector - World's Highest S5 Capacity Battery with World's Only Universal Form Fitting Case.",
        "content": "Features:This is the World's highest capacity for Galaxy SV @ 8500mAh - More than 3 times the capacity of original Galaxy SV Battery and 1 time more than other makers' Galaxy SV Extended BatteriesZeroLemon in house engineered Zero Shock Series case- World's only manufacturer to create a universal fitting case that can accommodate all battery sizes.With NFC Built into the battery all functions on the Galaxy SV such as S Beam and Google Wallet are activatedThis case will not sustain the waterproof aspects of the original design. Despite being a very strong and durable solution for your phone and allowing you to equip an amazing battery, it will not prevent water from entering the device if submerged in water.-------------------------------------------We engineered the world's highest capacity battery for Galaxy SV while providing a full defense rugged case to protect your valuable phone. We achieved these features while maintaining the same phone thickness as other makers' lower capacity batteries. This 8500mAh battery has nearly double the capacity of an iPad battery (rated at 4400mAh).-------------------------------------------*Must use included case with this batteryDue to oversize capacity, phone will show battery at 3% for slightly prolonged period, this is normal behavior*Actual battery life will vary depending on your hardware and software configurations and network conditions.*To charge the extended capacity & battery charge for 2-3 hours after 100% charge."
    },
    {
        "title": "Teenage Mutant Ninja Turtles Donatello Wizard Live Action Role Play Figure",
        "content": "With a pointed bed sheet hat, robe decorated with stars, neck medallion and a glowing ornament on his bo staff, Donnie is The Magnificent Wizard, ready to cast spells in the Turtles' imaginary game. But Donnie is shocked to find out all the Turtles have been transported by an evilwizard to complete his maze. After discovering the princess that needs rescuing is April, Donnie is motivated more than ever to defeat the maze and rescue her."
    },
    {
        "title": "~Shave Ready~ Shaving Straight Razor 6/8&quot; GD w/Box 208 Gold Dollar Straight Razor, The Blades Grim Soap, Satin Tip Brush, GB Buckingham Strop - Complete Straight Razor Set",
        "content": "Inside this amazing set is a 6/8 round point classic cut throat straight razor (It will be professionally sharpened for you). America's greatest generation used straight razors. Do you want to stop paying so much for blades? Don't you want a better, closer shave? You can experience the closeness, the daring, and the satisfaction of using a real razor. Not only is this one made from real high carbon steel, but it's been hardened. That's right, it's been through the proverbial trial by fire. Short story: hardened steel holds its edge, unlike those display razors. The 6/8 blade is easy to maneuver & see. The bottom jimps gives you a good grip. The round point won't inadvertently stab you. This one may not win any beauty awards, but at less than 1/3 the price for the same quality shave as a Dovo, it cannot be beat and, if you really don't like it, we'll take it back.The rest of the set consists of the Highly Praised The Blades Grim Luxury Shaving Soap (2oz), Satin Tip Boar Bristle Brush so you can clean and apply the shaving soap, Classic straight razor slip case (box) for proper storing of your blade and a GB Buckingham and Sons leather strop for stropping your blade."
    },
    {
        "title": "Cont  Removable Paper Label",
        "content": "Continuous Length Removable Paper Label 2-3/7 QL500, 550, 570, 580N, 650TD, 1050, 1060N"
    },
    {
        "title": "1/2&quot;  Round Paper Labels",
        "content": "0.5 - Diameter - 1200 Label(s)"
    }
]