[
    {
        "input": "SUMMARIZE THIS PRODUCTS.\n[|Products|] Panlong 4-Port HDMI v1.4 1x4 Powered 3D Amplifier Splitter 1 in 4 out with UltraHD 4kx2k, 3D 1080P, HD Audio, HDCP Support - Silver Frosted Metal Enclosure[|eProducts|]\n\n[|content|]Panlong's newest 4 port HDMI v1.4 splitter distributes the HDMI input signal into four identical, synchronized outputs. The splitter also has the ability of buffering and amplifying, and can achieve long distance transmission of HDMI signal of more than 15 meters. This splitter offers an ideal solution for HDTV retail and show site which is suitable for HDTV, STB, DVD and projector, data center control, information distribution, conference room presentation, school and corporate training environment.Features:1. 1 HDMI input signal split to 4 HDMI sink devices.2. HDCP 1.4 compliant; no more HDCP issue.3. Fully supports HDMI 3D technology, supports 3D video including frame packing for all 3D formats up to a 297MHz TMDS clock.5. Support display resolutions up to 4K x 2K@30Hz, 1080P@120Hz,and 1080P 3D@60Hz.6. Support deep color 30bit, 36bit, 48bit.7. Supports all digital audio format including DTS-HD Master Audio, Dolby TrueHD, LPCM 7.1, DTS, Dolby-AC3, DSD.8. Supports cascading to achieve more HDMI outputs and longer transmission distance.9. Silver and frosted metal enclosure looks elegant and helps heat dissipation.Package Includes:1x HDMI 1.4 Splitter 1*41x 5V/1A DC Power Adapter1x User Manual[|econtent|]\n\n[|summary|]Panlong's newest 4 port HDMI v1.4 splitter distributes HDMI input signal into four synchronized outputs, with buffering and amplifying capabilities for long-distance transmission of over 15 meters. Ideal for HDTV retail, show sites, data centers, and more. Features HDCP 1[|esummary|]"
    },
    {
        "input": "SUMMARIZE THIS PRODUCTS.\n[|Products|] LE 10 W E27 LED Bulb, Brightnest 60 W Incandescent Bulbs Equivalent, Warm White, Medium Screw[|eProducts|]\n\n[|content|]Save electricity bill.Replace 60W incandescent bulb by 10W LED. Save over 80% on electricity bill of lighting.Easy installation.Can be easily fitted instead of ordinary E27 Medium Screw incandescent or CFL light bulbs.Extremely long life.Lowers maintenance costs by reducing re-lamp frequency.Wide beam angle.Better for residential and commercial lighting.German quality standards.TUV GS (Geprufte Sicherheit) certified.Solid state.Shockproof and vibration proof.No hazardous emissions.No UV or IR Radiation.Eco-friendly.No lead or mercury.High CRI.CRI is over 80.Input Voltage:AC100-240VAbout LELighting EVER, abbreviated to LE, focuses on creating the best lighting experience.Only high end LED and advanced optical design are adopted. Enjoy lighting with LE.[|econtent|]\n\n[|summary|]Replace 60W incandescent bulb with 10W LED to save over 80% on electricity bill. Easy installation, long life, wide beam angle, German quality standards, TUV GS certified, eco-friendly, high CRI, input voltage AC100-240V. LE[|esummary|]"
    },
    {
        "input": "SUMMARIZE THIS PRODUCTS.\n[|Products|] Canari Cyclewear Men's Exo Bib Shorts[|eProducts|]\n\n[|content|]The EXO Bib provides great support and compression with its 8 panel anatomical and spherical design, a lightweight stretch upper and Canari's legendary ECHELON Pro pad and flat seam stitching makes this short one of our TOP PICKS.[|econtent|]\n\n[|summary|]The EXO Bib is a top pick due to its great support and compression provided by its 8 panel anatomical and spherical design. It features a lightweight stretch upper and Canari's ECHELON Pro pad with flat seam stitching.\"\n}[|esummary|]"
    },
    {
        "input": "SUMMARIZE THIS PRODUCTS.\n[|Products|] Canari Cyclewear Men's Klipspringer Jersey[|eProducts|]\n\n[|content|]Soft and comfortable DryCORE fabric makes this beautiful printed jersey stand out in the crowd, lots of storage pockets in the triple back pockets.[|econtent|]\n\n[|summary|]The product is a beautiful printed jersey made of soft and comfortable DryCORE fabric. It features lots of storage pockets in the triple back pockets.\"\n}[|esummary|]"
    },
    {
        "input": "SUMMARIZE THIS PRODUCTS.\n[|Products|] LE 10 W E27 LED Bulb, Brightnest 60 W Incandescent Bulbs Equivalent, Daylight White, Medium Screw[|eProducts|]\n\n[|content|]Save electricity bill.Replace 60W incandescent bulb by 10W LED. Save over 80% on electricity bill of lighting.Easy installation.Can be easily fitted instead of ordinary E27 Medium Screw incandescent or CFL light bulbs.Extremely long life.Lowers maintenance costs by reducing re-lamp frequency.Wide beam angle.Better for residential and commercial lighting.German quality standards.TUV GS (Geprufte Sicherheit) certified.Solid state.Shockproof and vibration proof.No hazardous emissions.No UV or IR Radiation.Eco-friendly.No lead or mercury.High CRI.CRI is over 80.Input Voltage:AC100-240VAbout LELighting EVER, abbreviated to LE, focuses on creating the best lighting experience.Only high end LED and advanced optical design are adopted. Enjoy lighting with LE.[|econtent|]\n\n[|summary|]Replace 60W incandescent bulb with 10W LED to save over 80% on electricity bill. Easy installation, wide beam angle, long life, and German quality standards. TUV GS certified, eco-friendly, high CRI, and no hazardous emissions. Suitable for residential[|esummary|]"
    },
    {
        "input": "SUMMARIZE THIS PRODUCTS.\n[|Products|] LeexGroup&reg; Hot Selling Stylish Leather S-View Flip Folio Case Back Cover for Samsung Galaxy S4 I9500 (Navy Blue)[|eProducts|]\n\n[|content|]LeexGroup? Hot Selling Stylish Leather S-View Flip Folio Case Back Cover for Samsung Galaxy S4 I9500 (Navy Blue)[|econtent|]\n\n[|summary|]LeexGroup Navy Blue leather S-View flip folio case back cover designed for Samsung Galaxy S4 I9500.\"\n}[|esummary|]"
    },
    {
        "input": "SUMMARIZE THIS PRODUCTS.\n[|Products|] LeexGroup&reg; Hot Selling Stylish Leather S-View Flip Folio Case Back Cover for Samsung Galaxy S4 I9500 (White)[|eProducts|]\n\n[|content|]LeexGroup? Hot Selling Stylish Leather S-View Flip Folio Case Back Cover for Samsung Galaxy S4 I9500 (White)[|econtent|]\n\n[|summary|]LeexGroup stylish leather S-View flip folio case back cover designed for Samsung Galaxy S4 I9500 in white color.\"\n}[|esummary|]"
    },
    {
        "input": "SUMMARIZE THIS PRODUCTS.\n[|Products|] Arm &amp; Hammer Clump &amp; Seal Clumping Litter, 14-Pound, Fresh Home[|eProducts|]\n\n[|content|]Not just a new litter. A new kind of litter.&#xA0;ARM & HAMMER&#xA0;Clump & Seal Cat Litter is specially formulated to provide exceptional odor control. Moisture-activated Micro-Granules form a tight seal around your cat's odors while heavy duty odor eliminators and&#xA0;ARM & HAMMER&#xA0;Baking Soda destroy sealed-in odors. It's the secret to keeping your house fresh for 7 days, guaranteed.[|econtent|]\n\n[|summary|]ARM & HAMMER Clump & Seal Cat Litter is a new type of litter that offers exceptional odor control. It features moisture-activated Micro-Granules that seal in odors, along with heavy-duty odor eliminators and ARM & HAMMER Baking Soda to destroy od[|esummary|]"
    },
    {
        "input": "SUMMARIZE THIS PRODUCTS.\n[|Products|] VW, Audi Diesel 1.9 2.0 Dohc Tdi Pd Engine Timing Tools[|eProducts|]\n\n[|content|]1. Timing tool set for VAG 1.9,2.0 litre TDI PD DOHC engines fitted to AUDI A4 , A6 SKODA OCTAVIAII and VOLKSWAGEN GOLF , GOLF PLUS , JETTA and TOURAN models.2. Comprehensive tool kit to time the engine and injection pump when replacing the timing belt or performing other front-engine services.3. Size including&#xFF1A;. * 2pcs crank locks&#xFF1A;locks the crankshaft sprocket in the TDC position.. * Serpentine Belt Tool (L-shaped pin)&#xFF1A;locks serpentine (alternator) belt tensioner in compressed piston. * Tensioner Holding Pin (with triangular handle)&#xFF1A;Locks timing belt tensioner in compressed piston.[|econtent|]\n\n[|summary|]Timing tool set for VAG 1.9,2.0 litre TDI PD DOHC engines used in various car models. Includes tools for timing the engine and injection pump during timing belt replacement or other front-engine services. Kit contains crank locks, serpentine belt tool, and[|esummary|]"
    },
    {
        "input": "SUMMARIZE THIS PRODUCTS.\n[|Products|] LeexGroup&reg; Hot Selling Stylish Leather S-View Flip Folio Case Back Cover for Samsung Galaxy S4 I9500 (Rose)[|eProducts|]\n\n[|content|]LeexGroup? Hot Selling Stylish Leather S-View Flip Folio Case Back Cover for Samsung Galaxy S4 I9500 (Rose)[|econtent|]\n\n[|summary|]This product is a stylish leather S-View flip folio case back cover designed for the Samsung Galaxy S4 I9500 in rose color. It is a hot selling item from LeexGroup.\"\n}[|esummary|]"
    },
    {
        "input": "SUMMARIZE THIS PRODUCTS.\n[|Products|] Lighting EVER 12 Watt LED Bulb, Brightnest 75 Watt Incandescent Bulbs Equivalent, Daylight White, Medium Screw[|eProducts|]\n\n[|content|]Save electricity bill.Replace 100W incandescent bulb by 12W LED. Save over 85% on electricity bill of lighting.Easy installation.Can be easily fitted instead of ordinary E27 Medium Screw incandescent or CFL light bulbs.Extremely long life.Lowers maintenance costs by reducing re-lamp frequency.Wide beam angle.Better for residential and commercial lighting.German quality standards.TUV GS (Geprufte Sicherheit) certified.Solid state.Shockproof and vibration proof.No hazardous emissions.No UV or IR Radiation.Eco-friendly.No lead or mercury.High CRI.CRI is over 80.Input Voltage:AC100-240VAbout LELighting EVER, abbreviated to LE, focuses on creating the best lighting experience.Only high end LED and advanced optical design are adopted. Enjoy lighting with LE.[|econtent|]\n\n[|summary|]Replace 100W incandescent bulb with 12W LED to save over 85% on electricity bill. Easy installation, long life, wide beam angle, German quality standards, TUV GS certified, eco-friendly, high CRI, input voltage AC100-240V. LE[|esummary|]"
    },
    {
        "input": "SUMMARIZE THIS PRODUCTS.\n[|Products|] EasyAcc&reg; Ultra 16000mAh 3 USB 22W 4.4A Outputs Power Bank with 18W Input Lighting fast Charging Super External battery Charger for iPad iPhone Asus Samsung Galaxy Android Windows Smartphone 5V Tablets Pc[|eProducts|]\n\n[|content|]EasyAcc Make it easyEasyAcc PowerBank - Make it easy to keep running all the timeWhy choose EasyAcc Bolt 16000S?Rapid Charging- Charges itself rapidly- Charges your device(s) rapidlyUltra-Portable & Suitable for a Wide Range of OccasionsLarge capacity of 16000mAh yet very portable, making it great for a wide range of applications, e.g. parties, BBQs, outdoor activities like camping, mountain climbing, and picnics.Highly Functional3 USB outputs can charge 3 smart devices simultaneously at top speed, e.g. 3 smartphones or 1 iPad + 1 Samsung Galaxy Tab + 1 iPhone.We recommend using output 1 (DC 5V 1.3A) for the Galaxy Tab and output 3 (DC 5V 2.1A) for iPad.Widely CompatibleAll three Output Ports are universal and compatible with almost any smart device with an input of DC 5V?e.g. smartphones, tablets, PSP, Bluetooth speakers & headphones, Google GlassSpecifications:Capacity: 16000mAh / 59.2 WhBattery Type: Lithium-ion battery cellInput: DC 12V 1.5A~2A(Fast Charger included)Total Output: DC 5V 4.4A (max)Size: 153 x 75 x 23 mm / 6.02 x 2.95 x 0.90 inchWeight: 369 g / 13 ounceWhat 's Included:1 x EasyAcc powerbank Bolt 16000s1 x AC Charger (Output: DC 12V 1.5A)1 x Micro USB Charging Cable (20 CM)1 x Micro USB Charging Cable (60 CM)3 x connectors1 x User Manual[|econtent|]\n\n[|summary|]EasyAcc PowerBank Bolt 16000S is a portable charger with a capacity of 16000mAh, suitable for various occasions like parties, outdoor activities, and picnics. It features rapid charging for both the power bank itself and connected devices, with 3 USB outputs for charging[|esummary|]"
    },
    {
        "input": "SUMMARIZE THIS PRODUCTS.\n[|Products|] Tide Pods, Downy Fabric Softener,&amp; Bounce Sheets Laundry Care Bundle Pack; Up to 70 Loads of Laundry[|eProducts|]\n\n[|content|]Step into outdoor freshness with the Tide Downy and Bounce Laundry Care 5-Item Bundle Pack. When you use Tide Pods Spring Meadow Downy Unstopables Fresh and Bounce Outdoor Fresh sheets you get immediate results you can see smell and feel. Tide Pods clean brighten and fight stains while Downy Unstopables give your wash a boost of clean breeze freshness that is too feisty to quit. On top of that Bounce freshens softens fabrics controls static and even helps repel lint and hair. Get ready for a new take on laundry with the Tide Downy and Bounce Laundry Care Bundle Pack.[|econtent|]\n\n[|summary|]The Tide Downy and Bounce Laundry Care 5-Item Bundle Pack includes Tide Pods, Downy Unstopables, and Bounce sheets for fresh and clean laundry. Tide Pods clean, brighten, and fight stains, while Downy Unstopables provide a boost of clean breeze[|esummary|]"
    },
    {
        "input": "SUMMARIZE THIS PRODUCTS.\n[|Products|] BIRUGEAR SlimBook Leather Folio Stand Case Cover w/ Keyboard, Screen Protector for Dell Venue 8 Pro - 8'' Windows 8.1 HD Tablet ( Hot Pink Case)[|eProducts|]\n\n[|content|]TheBIRUGEARaccessory combo kit provides all the essential accessories forDell Venue 8 Proin one package and eliminates the complexity of searching for different accessories in the marketplace.Leather Stand Case for Dell Venue 8 ProMade of Durable,high quality smooth synthetic PU leather. wear well and maintain the look of your device.Elegant Looks :durable and no discoloration, high quality material makes your tablet more elegant and protects your tablet from everyday dust, moisture, finger and oil printsBuilt-in Stand :It converts into a stand allows for multiple viewing angles, to hold the device upright for hands-free viewing of video, online books and more.Good cutouts :Allows access to all functions; Easy snap-on installation; No disassembly is needed.Buttons easy to push and mute toggle easily accessible.Built-in stylus loop :stylus loop can hold you stylus firmly, the slim structure of the case offers convenient mobility so you can just grab your tablet and be ready to go, knowing it will be protected at all times!You will get:1 x Dell Venue 8 Pro PU Stand Case-Hot Pink1 x Dell Venue 8 Pro Screen Protector1 x iKross Foldable Stand for Tablet - White 1 x Ultra Slim Bluetooth Wireless Keyboard - Silver (Charge by AAA battery)Tablet and stylus are not included.[|econtent|]\n\n[|summary|]The BIRUGEAR accessory combo kit includes a leather stand case made of durable synthetic PU leather for Dell Venue 8 Pro. It offers elegant looks, built-in stand for multiple viewing angles, good cutouts for easy access to functions, and a built-in stylus loop. The kit[|esummary|]"
    },
    {
        "input": "SUMMARIZE THIS PRODUCTS.\n[|Products|] Lion Hard Back Fitted Case Cover Shell for iPhone 4 4S[|eProducts|]\n\n[|content|]1x Case Cover for iphone 4 4S ( Cell Phone is not included)[|econtent|]\n\n[|summary|]This product is a case cover designed for iPhone 4 and 4S. It does not include the cell phone itself.\"\n}[|esummary|]"
    },
    {
        "input": "SUMMARIZE THIS PRODUCTS.\n[|Products|] BIRUGEAR Ultra-Portable Universal Neoprene Carrying Sleeve w/ Screen Protector for Tabeo e2 8 inch Kids Tablet - Toys R Us' 8'' 2nd Gen Android kids tablet[|eProducts|]\n\n[|content|]Evecase Ultra-portable Universal Neoprene Carrying Caseis a lightweight, portable sleeve that is great for protecting your device from scratches and minor impacts. Made of water resistant neoprene, this durable, shock absorbing sleeve is ideal for taking your device on the go. Easily carry your device using the dual handles, which can be easily folded down for easy storage or raised up for your carrying convenience. Front pocket enables quick accessibility to accessories and the zipper closure provides ease of access and ample security.DIMENSIONS:EXTERIOR: 291mm x 219mm x 25mm (11.00in x 8.50in x 1.25in)INTERIOR: 270mm x 210mm x 20mm (10.50in x 8.00in x 1.00in)MAX INTERIOR DIAGONAL: 310mm (12.25in)Clear Screen ProtectorThin film seems invisible on your screen.Scratch-resistant coating protects the screen from dust and scratches.Easy application and does not leave a sticky residue when removed.Package includes: Screen Protector, Microfiber Cleaning Cloth, SqueegeeInstallation Guide:1). Choose a brightly lit, dust-free environment. Clean the screen thoroughly with provided microfiber cleaning cloth.2). Slowly peel away the film layer labeled Step 1. Hold screen protector along the edges while avoid touching the film and screen surface.3). Before placing the screen protector, carefully align the cutouts and edges to your screen and slowly lower the screen protector. Starting from the bottom, work your way up.4). Gently sweep through the screen surface with the provided squeegee card. Push out any air bubbles towards the nearest edge. Repeat as necessary.5). Finally, remove the film layer labeled Step 2 and you are finished!You will receive:1 x Neoprene Zipper Carrying Case - Purple1 x Tabeo e2 8 inch Kids Tablet Clear Screen ProtectorTablet not included[|econtent|]\n\n[|summary|]Evecase Ultra-portable Universal Neoprene Carrying Case is a lightweight, portable sleeve made of water-resistant neoprene, ideal for protecting devices from scratches and minor impacts. It features dual handles for easy carrying, a front pocket for accessories, and a zipper closure for security.[|esummary|]"
    },
    {
        "input": "SUMMARIZE THIS PRODUCTS.\n[|Products|] Pulse Oximeter - TempIR - Handheld Portable - Digital Blood Oxygen and Pulse Sensor Meter with Alarm - Home and Professional - Fast Readings From the Finger-fingertip - For Adults, Children, Perfect for Sports Use - Quality Design - Best Value - Full No Hassle Money Back Guarantee.[|eProducts|]\n\n[|content|]KNOW YOUR BLOOD OXYGEN AND PULSE LEVELS!BE SAFE CHECK YOU AND YOUR FAMILY REGULARLY- Easy to use- Alarm can be set to high and low for blood oxygen and pulse.-  Batteries Last for 1000's of Readings- Takes pulse, and hemoglobin oxygen levels accuratelyLOW BLOOD OXYGEN LEVELS CAN MEAN PROBLEMS WITH RESPIRATORY AND OR ORGAN DYSFUNCTION.The TempIR Fingertip Oximeter is designed for giving quick accurate readings within seconds, in a most Comfortable way and as hygienic as possible.Quality AssuredThis Tempir Oximeter has been developed to use the latest near Infrared Technology. It allows the pulse and oxygen levels to be Taken from the fingertip. Precise Instant and without discomfort. This is not a medical device, perfect for sports, climbing, running,Hiking, Ski-ing and others interested in measuring oxygen levels.Our GuaranteeWe are so Confident that you will love this Product , its the Only Oximeter which is backed by a Lifetime No Hassle free PRODUCT REPLACEMENT Guarantee.How do i Buy this TempIR Oximeter?Dont Wait Grab this while its at this low Price.-Go to the top of this page and click on the Orange Button right now.[|econtent|]\n\n[|summary|]The TempIR Fingertip Oximeter is a device designed to measure blood oxygen and pulse levels accurately and quickly. It is easy to use, with the ability to set alarms for high and low oxygen and pulse levels. The device uses near Infrared Technology for precise readings from the fingert[|esummary|]"
    },
    {
        "input": "SUMMARIZE THIS PRODUCTS.\n[|Products|] BIRUGEAR Premium HD Crystal Clear LCD Screen Protector for Tabeo e2 8 inch Kids Tablet - Toys R Us' 8'' 2nd Gen Tabeo kids tablet[|eProducts|]\n\n[|content|]Protect your screen from scratches with theBIRUGEAR Screen Protector.Don't risk permanent damage to your screen when protection is just a click away. Our self-adhesive screen protector is specifically designed to prevent damage from happening to your screen while maintaining its full functionality.Each screen protector contains 3 layers of PET film that is made from Japanese material.Installation Guide:1). Start by choosing a brightly lit, dust-free environment and clean the screen thoroughly with provided microfiber cleaning cloth.2). Slowly peel away the film layer labeled Step 1. Hold screen protector along the edges and avoid touching the film and screen surface.3). Before placing screen protector, carefully align the cutouts and edges to your screen and slowly lower the screen protector starting from the bottom and work your way up.4). Gently sweep through the screen surface with the provided squeegee card. Push out any air bubbles towards the nearest edge. Repeat step 4 as necessary.5). Finally, remove the film layer labeled Step 2 and you are done![|econtent|]\n\n[|summary|]The BIRUGEAR Screen Protector is a self-adhesive protector designed to prevent scratches and damage to your screen while maintaining full functionality. It consists of 3 layers of PET film made from Japanese material. The installation process involves cleaning the screen, aligning the protector, and using a s[|esummary|]"
    },
    {
        "input": "SUMMARIZE THIS PRODUCTS.\n[|Products|] MAM Learn To Drink Training Cup, Boy, 9 Ounce[|eProducts|]\n\n[|content|]MAM has the perfect products for babies of all ages and this makes it easy for them to learn how to drink. The handles are specifically designed for small baby hands. Babies learn the transition from breastfeeding or a bottle to a glass step by step. All MAM drinking vessels are BPA free and safe for babies. The learn to drink cup is special because the valve keeps liquid in when not in use and yet, is easy for your child to drink from. The cup is ideal for the dynamics of every day baby life. Includes 1- 9 ounce learn to drink cup. 8+ months. Boy colors.[|econtent|]\n\n[|summary|]MAM offers a range of products for babies to learn how to drink, including a learn to drink cup designed with handles for small baby hands. The cup features a valve that keeps liquid in when not in use and is easy for babies to drink from. It is BPA free and safe[|esummary|]"
    },
    {
        "input": "SUMMARIZE THIS PRODUCTS.\n[|Products|] Madison Electric Products MSB2G Two Gang Device Box with Depth Adjustable, Heavy Duty 42lb[|eProducts|]\n\n[|content|]Two Gang Device Box[|econtent|]\n\n[|summary|]The product is a two-gang device box.\"\n}[|esummary|]"
    },
    {
        "input": "SUMMARIZE THIS PRODUCTS.\n[|Products|] 10 x Sheer Organza Wine Bottle Gift Bags Weddings Holidays Parties White[|eProducts|]\n\n[|content|]Beautiful Organza Sheer Wine Bags, With Matching Satin Drawstring CordTall sheer bags are perfect for wine bottles, gourmet condiments, candles, shampoo bottles, lotions, bath body and other tall or odd-shaped gifts.Condition: Brand NewMaterial: YarnColor: White, As Pictures Show (WE ALSO HAVE OTHER COLORS TO CHOOSE FROM)Dimension: Approx 37 x 14cmWeight: Approx 3gQuantity:10 pcsSKU #13674x10#{3}[|econtent|]\n\n[|summary|]These beautiful organza sheer wine bags come with a matching satin drawstring cord and are perfect for wine bottles, gourmet condiments, candles, shampoo bottles, lotions, bath body, and other tall or odd-shaped gifts. They are brand new, made of yarn, white in color,[|esummary|]"
    }
]